-- phpMyAdmin SQL Dump
-- version 5.0.2
-- https://www.phpmyadmin.net/
--
-- Host: localhost
-- Generation Time: Jul 28, 2020 at 08:35 PM
-- Server version: 8.0.19
-- PHP Version: 7.4.7

SET SQL_MODE = "NO_AUTO_VALUE_ON_ZERO";
START TRANSACTION;
SET time_zone = "+00:00";


/*!40101 SET @OLD_CHARACTER_SET_CLIENT=@@CHARACTER_SET_CLIENT */;
/*!40101 SET @OLD_CHARACTER_SET_RESULTS=@@CHARACTER_SET_RESULTS */;
/*!40101 SET @OLD_COLLATION_CONNECTION=@@COLLATION_CONNECTION */;
/*!40101 SET NAMES utf8mb4 */;

--
-- Database: `uetlms`
--

-- --------------------------------------------------------

--
-- Table structure for table `datat_e_provimeve`
--

CREATE TABLE `datat_e_provimeve` (
  `data_ID` int NOT NULL,
  `sezoni_ID` varchar(50) DEFAULT NULL,
  `lenda_ID` varchar(50) DEFAULT NULL,
  `AfatiRegjistrimit` varchar(50) DEFAULT NULL,
  `DataProvimit` varchar(50) DEFAULT NULL
) ENGINE=InnoDB DEFAULT CHARSET=utf8mb4 COLLATE=utf8mb4_unicode_ci;

--
-- Dumping data for table `datat_e_provimeve`
--

INSERT INTO `datat_e_provimeve` (`data_ID`, `sezoni_ID`, `lenda_ID`, `AfatiRegjistrimit`, `DataProvimit`) VALUES
(1, '9', '1', '08/31/2020', '09/07/2020'),
(2, '9', '2', '08/31/2020', '09/07/2020'),
(3, '9', '3', '08/31/2020', '09/07/2020'),
(4, '9', '4', '08/31/2020', '09/07/2020'),
(5, '9', '5', '08/31/2020', '09/07/2020'),
(6, '9', '6', '08/31/2020', '09/07/2020'),
(7, '9', '7', '08/31/2020', '09/07/2020'),
(8, '9', '8', '08/31/2020', '09/07/2020'),
(9, '9', '9', '08/31/2020', '09/07/2020'),
(10, '9', '10', '08/31/2020', '09/07/2020'),
(11, '9', '11', '08/31/2020', '09/07/2020'),
(12, '9', '12', '08/31/2020', '09/07/2020'),
(13, '9', '13', '08/31/2020', '09/07/2020'),
(14, '9', '14', '08/31/2020', '09/07/2020'),
(15, '9', '15', '08/31/2020', '09/07/2020'),
(16, '9', '16', '08/31/2020', '09/07/2020'),
(17, '9', '17', '08/31/2020', '09/07/2020'),
(18, '9', '18', '08/31/2020', '09/07/2020'),
(19, '9', '19', '08/31/2020', '09/07/2020'),
(20, '9', '20', '08/31/2020', '09/07/2020'),
(21, '9', '21', '08/31/2020', '09/07/2020'),
(22, '9', '22', '08/31/2020', '09/07/2020'),
(23, '9', '23', '08/31/2020', '09/07/2020'),
(24, '9', '24', '08/31/2020', '09/07/2020'),
(25, '9', '25', '08/31/2020', '09/07/2020'),
(26, '9', '26', '08/31/2020', '09/07/2020'),
(27, '9', '27', '08/31/2020', '09/07/2020'),
(28, '9', '28', '08/31/2020', '09/07/2020'),
(29, '9', '29', '08/31/2020', '09/07/2020'),
(30, '9', '30', '08/31/2020', '09/07/2020'),
(31, '9', '31', '08/31/2020', '09/07/2020'),
(32, '9', '32', '08/31/2020', '09/07/2020'),
(33, '9', '33', '08/31/2020', '09/07/2020'),
(34, '9', '34', '08/31/2020', '09/07/2020'),
(35, '9', '35', '08/31/2020', '09/07/2020'),
(36, '9', '36', '08/31/2020', '09/07/2020'),
(37, '9', '37', '08/31/2020', '09/07/2020'),
(38, '9', '38', '08/31/2020', '09/07/2020'),
(39, '9', '39', '08/31/2020', '09/07/2020'),
(40, '9', '40', '08/31/2020', '09/07/2020'),
(41, '9', '41', '08/31/2020', '09/07/2020'),
(42, '9', '42', '08/31/2020', '09/07/2020'),
(43, '9', '43', '08/31/2020', '09/07/2020'),
(44, '9', '44', '08/31/2020', '09/07/2020'),
(45, '9', '45', '08/31/2020', '09/07/2020'),
(46, '9', '46', '08/31/2020', '09/07/2020'),
(47, '9', '47', '08/31/2020', '09/07/2020'),
(48, '9', '48', '08/31/2020', '09/07/2020'),
(49, '9', '49', '08/31/2020', '09/07/2020'),
(50, '9', '50', '08/31/2020', '09/07/2020'),
(51, '9', '51', '08/31/2020', '09/07/2020'),
(52, '9', '52', '08/31/2020', '09/07/2020'),
(53, '9', '53', '08/31/2020', '09/07/2020'),
(54, '9', '54', '08/31/2020', '09/07/2020'),
(55, '9', '55', '08/31/2020', '09/07/2020'),
(56, '9', '56', '08/31/2020', '09/07/2020'),
(57, '9', '57', '08/31/2020', '09/07/2020'),
(58, '9', '58', '08/31/2020', '09/07/2020'),
(59, '9', '59', '08/31/2020', '09/07/2020'),
(60, '9', '60', '08/31/2020', '09/07/2020'),
(61, '9', '61', '08/31/2020', '09/07/2020'),
(62, '9', '62', '08/31/2020', '09/07/2020'),
(63, '9', '63', '08/31/2020', '09/07/2020'),
(64, '9', '64', '08/31/2020', '09/07/2020'),
(65, '9', '65', '08/31/2020', '09/07/2020'),
(66, '9', '66', '08/31/2020', '09/07/2020'),
(67, '9', '67', '08/31/2020', '09/07/2020'),
(68, '9', '68', '08/31/2020', '09/07/2020'),
(69, '9', '69', '08/31/2020', '09/07/2020'),
(70, '9', '70', '08/31/2020', '09/07/2020'),
(71, '9', '71', '08/31/2020', '09/07/2020'),
(72, '9', '72', '08/31/2020', '09/07/2020'),
(73, '9', '73', '08/31/2020', '09/07/2020'),
(74, '9', '74', '08/31/2020', '09/07/2020'),
(75, '9', '75', '08/31/2020', '09/07/2020'),
(76, '9', '76', '08/31/2020', '09/07/2020'),
(77, '9', '77', '08/31/2020', '09/07/2020'),
(78, '9', '78', '08/31/2020', '09/07/2020'),
(79, '9', '79', '08/31/2020', '09/07/2020'),
(80, '9', '80', '08/31/2020', '09/07/2020'),
(81, '9', '81', '08/31/2020', '09/07/2020'),
(82, '9', '82', '08/31/2020', '09/07/2020'),
(83, '9', '83', '08/31/2020', '09/07/2020'),
(84, '9', '84', '08/31/2020', '09/07/2020'),
(85, '9', '85', '08/31/2020', '09/07/2020'),
(86, '9', '86', '08/31/2020', '09/07/2020'),
(87, '9', '87', '08/31/2020', '09/07/2020'),
(88, '9', '88', '08/31/2020', '09/07/2020'),
(89, '9', '89', '08/31/2020', '09/07/2020'),
(90, '9', '90', '08/31/2020', '09/07/2020'),
(91, '9', '91', '08/31/2020', '09/07/2020'),
(92, '9', '92', '08/31/2020', '09/07/2020'),
(93, '9', '93', '08/31/2020', '09/07/2020'),
(94, '9', '94', '08/31/2020', '09/07/2020'),
(95, '9', '95', '08/31/2020', '09/07/2020'),
(96, '9', '96', '08/31/2020', '09/07/2020'),
(97, '9', '97', '08/31/2020', '09/07/2020'),
(98, '9', '98', '08/31/2020', '09/07/2020'),
(99, '9', '99', '08/31/2020', '09/07/2020'),
(100, '9', '100', '08/31/2020', '09/07/2020'),
(101, '9', '101', '08/31/2020', '09/07/2020'),
(102, '9', '102', '08/31/2020', '09/07/2020'),
(103, '9', '103', '08/31/2020', '09/07/2020'),
(104, '9', '104', '08/31/2020', '09/07/2020'),
(105, '9', '105', '08/31/2020', '09/07/2020'),
(106, '9', '106', '08/31/2020', '09/07/2020'),
(107, '9', '107', '08/31/2020', '09/07/2020'),
(108, '9', '108', '08/31/2020', '09/07/2020'),
(109, '9', '109', '08/31/2020', '09/07/2020'),
(110, '9', '110', '08/31/2020', '09/07/2020'),
(111, '9', '111', '08/31/2020', '09/07/2020'),
(112, '9', '112', '08/31/2020', '09/07/2020'),
(113, '9', '113', '08/31/2020', '09/07/2020'),
(114, '9', '114', '08/31/2020', '09/07/2020'),
(115, '9', '115', '08/31/2020', '09/07/2020'),
(116, '9', '116', '08/31/2020', '09/07/2020'),
(117, '9', '117', '08/31/2020', '09/07/2020'),
(118, '9', '118', '08/31/2020', '09/07/2020'),
(119, '9', '119', '08/31/2020', '09/07/2020'),
(120, '9', '120', '08/31/2020', '09/07/2020'),
(121, '9', '121', '08/31/2020', '09/07/2020'),
(122, '9', '122', '08/31/2020', '09/07/2020'),
(123, '9', '123', '08/31/2020', '09/07/2020'),
(124, '9', '124', '08/31/2020', '09/07/2020'),
(125, '9', '125', '08/31/2020', '09/07/2020'),
(126, '9', '126', '08/31/2020', '09/07/2020'),
(127, '9', '127', '08/31/2020', '09/07/2020'),
(128, '9', '128', '08/31/2020', '09/07/2020'),
(129, '9', '129', '08/31/2020', '09/07/2020'),
(130, '9', '130', '08/31/2020', '09/07/2020'),
(131, '9', '131', '08/31/2020', '09/07/2020'),
(132, '9', '132', '08/31/2020', '09/07/2020'),
(133, '9', '133', '08/31/2020', '09/07/2020'),
(134, '9', '134', '08/31/2020', '09/07/2020'),
(135, '9', '135', '08/31/2020', '09/07/2020'),
(136, '9', '136', '08/31/2020', '09/07/2020');

-- --------------------------------------------------------

--
-- Table structure for table `lista_e_lendeve`
--

CREATE TABLE `lista_e_lendeve` (
  `lenda_ID` bigint UNSIGNED NOT NULL,
  `courseID` varchar(255) CHARACTER SET utf8mb4 COLLATE utf8mb4_unicode_ci NOT NULL,
  `title` varchar(255) CHARACTER SET utf8mb4 COLLATE utf8mb4_unicode_ci NOT NULL,
  `created_at` timestamp NULL DEFAULT NULL,
  `updated_at` timestamp NULL DEFAULT NULL
) ENGINE=InnoDB DEFAULT CHARSET=utf8mb4 COLLATE=utf8mb4_unicode_ci;

--
-- Dumping data for table `lista_e_lendeve`
--

INSERT INTO `lista_e_lendeve` (`lenda_ID`, `courseID`, `title`, `created_at`, `updated_at`) VALUES
(1, 'ANGL101/AA', 'Anglisht A1- A2', NULL, NULL),
(2, 'ANGL101/B1', 'Anglisht B1', NULL, NULL),
(3, 'ANGL101/B', 'Anglisht B2', NULL, NULL),
(4, 'BUS228', 'Hartim dhe menaxhim projektesh', NULL, NULL),
(5, 'ECON115', 'Informatikë', NULL, NULL),
(6, 'ECON135', 'Mikroekonomi', NULL, NULL),
(7, 'ECON136', 'Makroekonomi', NULL, NULL),
(8, 'ECON155/A', 'Hyrje në financë', NULL, NULL),
(9, 'ECON155/B', 'Financë Publike', NULL, NULL),
(10, 'ECON160/A', 'Kontabiliteti financiar', NULL, NULL),
(11, 'ECON160/B', 'Kontabiliteti i kostos', NULL, NULL),
(12, 'ECON215', 'Analizë e raporteve financiare', NULL, NULL),
(13, 'ECON224', 'Gjeografi ekonomike', NULL, NULL),
(14, 'ECON235/A', 'Teori e statistikës', NULL, NULL),
(15, 'ECON255/A', 'Histori e mendimit ekonomik', NULL, NULL),
(16, 'ECON255/B', 'Politikat ekonomike', NULL, NULL),
(17, 'ECON270/A', 'Paraja & bankat', NULL, NULL),
(18, 'ECON270/B', 'Tregjet financiare', NULL, NULL),
(19, 'ECON320', 'Hyrje në menaxhim risku', NULL, NULL),
(20, 'InternBA_ek', 'Praktikë dhe zhvillim karriere', NULL, NULL),
(21, 'LAW344/B', 'E drejta tregtare', NULL, NULL),
(22, 'MATH140/A', 'Matematikë 1', NULL, NULL),
(23, 'MATH140/B', 'Matematikë 2', NULL, NULL),
(24, 'PLSC140/A', 'Shkrim akademik', NULL, NULL),
(25, 'PPP', 'Provimi i Përgjithshëm Përfundimtar', NULL, NULL),
(26, 'SOCL101', 'Hyrje në sociologji', NULL, NULL),
(27, 'LAW170/B', 'E drejta administrative', NULL, NULL),
(28, 'PLSC140/B', 'Metodat e kërkimit', NULL, NULL),
(29, 'ANGL101/A', 'Anglisht 1', NULL, NULL),
(30, 'ANGL101/A1', 'Anglisht 2', NULL, NULL),
(31, 'InternBA_J', 'Praktikë profesionale', NULL, NULL),
(32, 'LAW135/A', 'Historia e shtetit dhe e së drejtës në Shqipëri', NULL, NULL),
(33, 'LAW135/B', 'Historia e institucioneve', NULL, NULL),
(34, 'LAW140/B', 'Shkrim arsyetim ligjor', NULL, NULL),
(35, 'LAW142/A', 'E drejta publike', NULL, NULL),
(36, 'LAW142/B', 'Filozofia e së drejtës', NULL, NULL),
(37, 'LAW185', 'E drejta romake', NULL, NULL),
(38, 'LAW211', 'E folura në publik', NULL, NULL),
(39, 'LAW240', 'Të drejtat e njeriut', NULL, NULL),
(40, 'LAW256/A', 'Mjekësia ligjore & Psikiatri gjyqësore', NULL, NULL),
(41, 'LAW256/B', 'Kriminalistikë', NULL, NULL),
(42, 'PPP-J', 'Provimi i Përgjithshëm Përfundimtar', NULL, NULL),
(43, 'ANGL101/A', 'Anglisht A2', NULL, NULL),
(44, 'ANGL101/A1', 'Anglisht B1', NULL, NULL),
(45, 'BUS316', 'Sjellje konsumatore', NULL, NULL),
(46, 'HIST105', 'Historia e civilizimeve', NULL, NULL),
(47, 'InternBA_J', 'Praktikë dhe zhvillim karriere', NULL, NULL),
(48, 'LAW170/A', 'E drejta kushtetuese', NULL, NULL),
(49, 'LAW211', 'Profesionet e lira', NULL, NULL),
(50, 'LAW245/A', 'E drejta civile I', NULL, NULL),
(51, 'LAW245/B', 'E drejta civile II', NULL, NULL),
(52, 'LAW260/A', 'E drejta penale I', NULL, NULL),
(53, 'LAW260/B', 'E drejta penale II', NULL, NULL),
(54, 'LAW272/A', 'E drejta ndërkombëtare publike', NULL, NULL),
(55, 'LAW272/B', 'E drejta europiane', NULL, NULL),
(56, 'LAW325', 'E drejta e punës dhe sigurimeve', NULL, NULL),
(57, 'LAW337', 'E drejta familjare', NULL, NULL),
(58, 'LAW344/A', 'E drejta e detyrimeve', NULL, NULL),
(59, 'LAW350', 'E drejta e procedurës penale', NULL, NULL),
(60, 'LAW356', 'E drejta e procedurës civile', NULL, NULL),
(61, 'PSCH101/A', 'Hyrje në psikologji', NULL, NULL),
(62, 'BUS430', 'Menaxhim operacional', NULL, NULL),
(63, 'BUS432', 'Menaxhim cilësie', NULL, NULL),
(64, 'BUS455', 'Menaxhimi i sektorit publik dhe administrata', NULL, NULL),
(65, 'BUS466', 'Vlerësimi i politikave publike', NULL, NULL),
(66, 'InternMSh_Ek', 'Praktikë profesionale', NULL, NULL),
(67, 'BUS332/A', 'Bazat e marketingut', NULL, NULL),
(68, 'CT250/B', 'E folura në publik', NULL, NULL),
(69, 'CT324/A', 'Reklama', NULL, NULL),
(70, 'ECON205', 'Hyrje në ekonomi', NULL, NULL),
(71, 'InternBA_S', 'Praktikë dhe zhvillim karriere', NULL, NULL),
(72, 'PHIL105', 'Filozofi', NULL, NULL),
(73, 'InternMP9_J', 'Praktikë profesionale', NULL, NULL),
(74, 'LAW430', 'Metoda kërkimi në shkencat juridike', NULL, NULL),
(75, 'PPP_JSHS', 'Provim i përgjithshëm formimi', NULL, NULL),
(76, 'InternMSh_J', 'Praktikë profesionale', NULL, NULL),
(77, 'LAW406', 'Teknikë legjislative', NULL, NULL),
(78, 'LAW487', 'Pasuritë e paluajtshme', NULL, NULL),
(79, 'LAW511', 'E drejta e mjedisit', NULL, NULL),
(80, 'BUS462', 'Menaxhimi i sistemeve të informacionit MSI', NULL, NULL),
(81, 'BUS510', 'Etika e biznesit', NULL, NULL),
(82, 'CT418', 'Praktikum i marrëdhënieve publike', NULL, NULL),
(83, 'CT431', 'Komunikimi viziv (TV, foto)', NULL, NULL),
(84, 'InternMSh_S', 'Praktikë profesionale', NULL, NULL),
(85, 'PLSC415', 'Metoda kërkimi të avancuara', NULL, NULL),
(86, 'PLSC470', 'Statistikë sociale + SPSS', NULL, NULL),
(87, 'ECON415', 'Makroekonomi e avancuar', NULL, NULL),
(88, 'ECON480', 'Politika fiskale dhe sisteme tatimore', NULL, NULL),
(89, 'ECON585', 'Ekonometri', NULL, NULL),
(90, 'BUS322', 'Hyrje në menaxhimin e burimeve njerëzore', NULL, NULL),
(91, 'PHIL110', 'Logjikë', NULL, NULL),
(92, 'ECON235/B', 'Statistikë e aplikuar', NULL, NULL),
(93, 'ECON362', 'Kontabilitet bankar', NULL, NULL),
(94, 'CIS125', 'Bazat e informatikës', NULL, NULL),
(95, 'CIS322', 'Organizimi i sistemeve kompjuterike', NULL, NULL),
(96, 'InternBA_ek', 'Praktikë profesionale', NULL, NULL),
(97, 'CT205', 'Komunikim ndërkulturor', NULL, NULL),
(98, 'InternBA_S', 'Praktikë profesionale', NULL, NULL),
(99, 'PLSC145/A', 'Hyrje në shkenca politike', NULL, NULL),
(100, 'ECON320', 'Menaxhim Biznesi', NULL, NULL),
(101, 'SC', 'E drejtë biznesi', NULL, NULL),
(102, 'PPP-S', 'Provimi i Përgjithshëm Përfundimtar', NULL, NULL),
(103, 'ANGL103', 'Anglisht 3', NULL, NULL),
(104, 'BUS195', 'Etika e biznesit dhe profesionale', NULL, NULL),
(105, 'BUS322', 'Menaxhimi burimeve njerëzore', NULL, NULL),
(106, 'ECON180', 'Ekonomia dhe financat në BE', NULL, NULL),
(107, 'ANGL101/A', 'Anglisht 2', NULL, NULL),
(108, 'ANGL101/A1', 'Anglisht 3', NULL, NULL),
(109, 'HIST106', 'Historia e Evropës dhe integrimit europian', NULL, NULL),
(110, 'HIST150/A', 'Historia e artit  ', NULL, NULL),
(111, 'HIST170', 'Qytetërimi europian', NULL, NULL),
(112, 'INTL141/A', 'Marrëdhënie ndërkombëtare', NULL, NULL),
(113, 'INTL204', 'Negocimi i konflikteve dhe arbitrazhi', NULL, NULL),
(114, 'LAW151', 'Gjinia dhe ligji', NULL, NULL),
(115, 'LAW155', 'Logjikë juridike', NULL, NULL),
(116, 'LAW214', 'Konstitucionalizmi', NULL, NULL),
(117, 'LAW356/A', 'Procedurë civile', NULL, NULL),
(118, 'PHIL105', 'Nocione në Filozofi', NULL, NULL),
(119, 'PLSC140/A', 'Shkrim akademik 1', NULL, NULL),
(120, 'PLSC141', 'Shkrim akademik II', NULL, NULL),
(121, 'PLSC365/A', 'Historia e mendimit politik', NULL, NULL),
(122, 'SOCL101', 'Nocione të sociologjisë', NULL, NULL),
(123, 'BUS211', 'Sipërmarrja dhe manaxhimi i SME-ve', NULL, NULL),
(124, 'BUS245/A', 'Hyrje në administrim biznesi', NULL, NULL),
(125, 'BUS245/B', 'Hyrje në menaxhim', NULL, NULL),
(126, 'BUS322', 'Menaxhimi i burimeve njerëzore', NULL, NULL),
(127, 'BUS332/B', 'Menaxhimi i marketingut', NULL, NULL),
(128, 'BUS358/A', 'Politikat publike', NULL, NULL),
(129, 'BUS358/B', 'Menaxhimi i riskut publik', NULL, NULL),
(130, 'BUS365', 'Komunikim organizativ', NULL, NULL),
(131, 'ECON155/B', 'Financat publike', NULL, NULL),
(132, 'HIST150/A', 'Historia e artit', NULL, NULL),
(133, 'LAW282', 'E drejtë biznesi', NULL, NULL),
(134, 'LAW316', 'E drejta ndërkombëtare private', NULL, NULL),
(135, 'ECON485', 'Tregu bankar dhe institucionet e tij', NULL, NULL),
(136, 'ECON543', 'Analizë financiare e avancuar', NULL, NULL);

-- --------------------------------------------------------

--
-- Table structure for table `rezervimet_online`
--

CREATE TABLE `rezervimet_online` (
  `rezervim_ID` int NOT NULL,
  `data_ID` varchar(50) DEFAULT NULL,
  `student_ID` varchar(50) DEFAULT NULL,
  `lenda_ID` varchar(50) DEFAULT NULL,
  `sezoni_ID` varchar(50) DEFAULT NULL,
  `more_content` text CHARACTER SET utf8mb4 COLLATE utf8mb4_unicode_ci,
  `DataProvimit` varchar(50) DEFAULT NULL,
  `DataRegjistrimitOnline` varchar(50) DEFAULT NULL
) ENGINE=InnoDB DEFAULT CHARSET=utf8mb4 COLLATE=utf8mb4_unicode_ci;

--
-- Dumping data for table `rezervimet_online`
--

INSERT INTO `rezervimet_online` (`rezervim_ID`, `data_ID`, `student_ID`, `lenda_ID`, `sezoni_ID`, `more_content`, `DataProvimit`, `DataRegjistrimitOnline`) VALUES
(37, '7', '7', '7', '9', NULL, '09/07/2020', '07/28/20 08:02'),
(38, '2', '15', '2', '9', NULL, '09/07/2020', '07/28/20 08:02'),
(39, '4', '15', '4', '9', NULL, '09/07/2020', '07/28/20 08:02');

-- --------------------------------------------------------

--
-- Table structure for table `sezonet`
--

CREATE TABLE `sezonet` (
  `sezoni_ID` int NOT NULL,
  `EmertimiSezonit` varchar(50) DEFAULT NULL,
  `Muaji` varchar(50) DEFAULT NULL,
  `Viti` varchar(50) DEFAULT NULL
) ENGINE=InnoDB DEFAULT CHARSET=utf8mb4 COLLATE=utf8mb4_unicode_ci;

--
-- Dumping data for table `sezonet`
--

INSERT INTO `sezonet` (`sezoni_ID`, `EmertimiSezonit`, `Muaji`, `Viti`) VALUES
(1, 'Dhjetor', 'Dhjetor', '2020'),
(2, 'Febr', 'Shkurt', '2020'),
(3, 'Jun ReEx', 'Qershor', '2020'),
(4, 'Maj', 'Maj', '2020'),
(5, 'Maj ReEx', 'Maj', '2020'),
(6, 'May', 'Maj', '2020'),
(7, 'Nentor', 'Nentor', '2020'),
(8, 'Qershor', 'Qershor', '2020'),
(9, 'Sept', 'Shtator', '2020'),
(10, 'Sum ReEx', 'Maj', '2020'),
(11, 'Tetor', 'Tetor', '2020');

-- --------------------------------------------------------

--
-- Table structure for table `StGrades`
--

CREATE TABLE `StGrades` (
  `id` bigint UNSIGNED NOT NULL,
  `student_ID` varchar(255) CHARACTER SET utf8mb4 COLLATE utf8mb4_unicode_ci NOT NULL,
  `lenda_ID` varchar(255) CHARACTER SET utf8mb4 COLLATE utf8mb4_unicode_ci NOT NULL,
  `sezoni_ID` varchar(255) CHARACTER SET utf8mb4 COLLATE utf8mb4_unicode_ci NOT NULL,
  `last_regyear` varchar(255) CHARACTER SET utf8mb4 COLLATE utf8mb4_unicode_ci NOT NULL,
  `last_regperiodID` varchar(255) CHARACTER SET utf8mb4 COLLATE utf8mb4_unicode_ci NOT NULL,
  `cgrade100` varchar(255) CHARACTER SET utf8mb4 COLLATE utf8mb4_unicode_ci NOT NULL,
  `GradeStr` varchar(255) CHARACTER SET utf8mb4 COLLATE utf8mb4_unicode_ci NOT NULL,
  `Nota` varchar(255) CHARACTER SET utf8mb4 COLLATE utf8mb4_unicode_ci NOT NULL,
  `Perpjekjet` varchar(255) CHARACTER SET utf8mb4 COLLATE utf8mb4_unicode_ci NOT NULL,
  `created_at` timestamp NULL DEFAULT NULL,
  `updated_at` timestamp NULL DEFAULT NULL
) ENGINE=InnoDB DEFAULT CHARSET=utf8mb4 COLLATE=utf8mb4_unicode_ci;

--
-- Dumping data for table `StGrades`
--

INSERT INTO `StGrades` (`id`, `student_ID`, `lenda_ID`, `sezoni_ID`, `last_regyear`, `last_regperiodID`, `cgrade100`, `GradeStr`, `Nota`, `Perpjekjet`, `created_at`, `updated_at`) VALUES
(1, '1', '1', '2', '2010', '1', '53.5', 'gjashtë', '6', '1', NULL, NULL),
(2, '1', '2', '6', '2010', '2', '27', 'katër', '4', '1', NULL, NULL),
(3, '1', '3', '2', '2011', '1', '51', 'gjashtë', '6', '1', NULL, NULL),
(4, '1', '4', '', '2019', '2', '', '', '', '0', NULL, NULL),
(5, '1', '5', '2', '2010', '1', '91', 'dhjetë', '10', '1', NULL, NULL),
(6, '1', '6', '2', '2010', '1', '54', 'gjashtë', '6', '1', NULL, NULL),
(7, '1', '7', '6', '2010', '2', '37', 'katër', '4', '1', NULL, NULL),
(8, '1', '8', '6', '2010', '2', '51', 'gjashtë', '6', '1', NULL, NULL),
(9, '1', '9', '', '2011', '1', '', '', '', '0', NULL, NULL),
(10, '1', '10', '6', '2010', '2', '23', 'katër', '4', '1', NULL, NULL),
(11, '1', '11', '2', '2011', '1', '47', 'pesë', '5', '1', NULL, NULL),
(12, '1', '12', '', '2011', '2', '', '', '', '0', NULL, NULL),
(13, '1', '13', '2', '2011', '1', '57', 'gjashtë', '6', '1', NULL, NULL),
(14, '1', '14', '', '2011', '2', '', '', '', '0', NULL, NULL),
(15, '1', '15', '', '2011', '1', '', '', '', '0', NULL, NULL),
(16, '1', '16', '', '2011', '2', '', '', '', '0', NULL, NULL),
(17, '1', '17', '2', '2011', '1', '42.2', 'pesë', '5', '1', NULL, NULL),
(18, '1', '18', '', '2011', '2', '', '', '', '0', NULL, NULL),
(19, '1', '19', '', '2019', '2', '', '', '', '0', NULL, NULL),
(20, '1', '20', '', '2019', '2', '', '', '', '0', NULL, NULL),
(21, '1', '21', '', '2019', '2', '', '', '', '0', NULL, NULL),
(22, '1', '22', '2', '2010', '1', '75.5', 'tetë', '8', '1', NULL, NULL),
(23, '1', '23', '6', '2010', '2', '68.5', 'shtatë', '7', '1', NULL, NULL),
(24, '1', '24', '2', '2010', '1', '64', 'shtatë', '7', '1', NULL, NULL),
(25, '1', '25', '', '2019', '2', '', '', '', '0', NULL, NULL),
(26, '1', '26', '7', '2014', '1', '62', 'shtatë', '7', '1', NULL, NULL),
(27, '2', '1', '2', '2010', '1', '45', 'pesë', '5', '1', NULL, NULL),
(28, '2', '2', '6', '2010', '2', '44', 'pesë', '5', '1', NULL, NULL),
(29, '2', '3', '2', '2011', '1', '32', 'katër', '4', '1', NULL, NULL),
(30, '2', '4', '8', '2017', '1', '42', 'pesë', '5', '2', NULL, NULL),
(31, '2', '5', '2', '2010', '1', '57', 'gjashtë', '6', '1', NULL, NULL),
(32, '2', '6', '2', '2010', '1', '41', 'pesë', '5', '1', NULL, NULL),
(33, '2', '7', '9', '2010', '2', '63', 'shtatë', '7', '1', NULL, NULL),
(34, '2', '20', '6', '2018', '2', '52', 'gjashtë', '6', '1', NULL, NULL),
(35, '2', '27', '2', '', '', '41', 'pesë', '5', '0', NULL, NULL),
(36, '2', '22', '7', '2018', '2', '45.8', 'pesë', '5', '2', NULL, NULL),
(37, '2', '23', '11', '2018', '1', '53', 'gjashtë', '6', '1', NULL, NULL),
(38, '2', '24', '2', '2010', '1', '62', 'shtatë', '7', '1', NULL, NULL),
(39, '2', '28', '1', '', '', '65', 'shtatë', '7', '0', NULL, NULL),
(40, '2', '25', '7', '2018', '2', '61', 'shtatë', '7', '1', NULL, NULL),
(41, '2', '26', '2', '2010', '1', '50', 'pesë', '5', '1', NULL, NULL),
(42, '3', '29', '9', '2009', '1', '65', 'shtatë', '7', '1', NULL, NULL),
(43, '3', '30', '9', '2009', '2', '41.5', 'pesë', '5', '1', NULL, NULL),
(44, '3', '5', '7', '2010', '2', '32', 'katër', '4', '1', NULL, NULL),
(45, '3', '31', '6', '2011', '2', '42', 'pesë', '5', '1', NULL, NULL),
(46, '3', '32', '9', '2018', '1', '47.5', 'pesë', '5', '2', NULL, NULL),
(47, '3', '33', '11', '2018', '2', '44', 'pesë', '5', '2', NULL, NULL),
(48, '3', '34', '9', '2009', '2', '43', 'pesë', '5', '2', NULL, NULL),
(49, '3', '35', '11', '2018', '2', '46', 'pesë', '5', '2', NULL, NULL),
(50, '3', '36', '7', '2010', '2', '41', 'pesë', '5', '2', NULL, NULL),
(51, '3', '37', '9', '2018', '1', '50', 'pesë', '5', '2', NULL, NULL),
(52, '3', '38', '', '2010', '1', '49', 'pesë', '5', '0', NULL, NULL),
(53, '3', '39', '', '2017', '2', '41', 'pesë', '5', '2', NULL, NULL),
(54, '3', '40', '2', '2011', '1', '41', 'pesë', '5', '1', NULL, NULL),
(55, '3', '41', '9', '2011', '2', '41', 'pesë', '5', '2', NULL, NULL),
(56, '3', '24', '9', '2009', '1', '45.9', 'pesë', '5', '1', NULL, NULL),
(57, '3', '42', '11', '2018', '1', '57.5', 'gjashtë', '6', '1', NULL, NULL),
(58, '3', '26', '9', '2009', '1', '42', 'pesë', '5', '2', NULL, NULL),
(59, '4', '29', '2', '', '', '52.5', 'gjashtë', '6', '0', NULL, NULL),
(60, '4', '30', '6', '2012', '2', '51', 'gjashtë', '6', '1', NULL, NULL),
(61, '4', '4', '6', '2014', '2', '45', 'pesë', '5', '1', NULL, NULL),
(62, '4', '5', '2', '2012', '1', '32', 'katër', '4', '1', NULL, NULL),
(63, '4', '6', '9', '2014', '1', '48', 'pesë', '5', '3', NULL, NULL),
(64, '4', '7', '11', '2014', '2', '56', 'gjashtë', '6', '1', NULL, NULL),
(65, '4', '19', '9', '2014', '1', '48', 'pesë', '5', '2', NULL, NULL),
(66, '4', '20', '6', '2014', '2', '57', 'gjashtë', '6', '1', NULL, NULL),
(67, '4', '21', '6', '2014', '2', '47', 'pesë', '5', '1', NULL, NULL),
(68, '4', '22', '1', '2015', '2', '41', 'pesë', '5', '5', NULL, NULL),
(69, '4', '23', '1', '2015', '1', '42', 'pesë', '5', '3', NULL, NULL),
(70, '4', '24', '2', '2012', '1', '75', 'tetë', '8', '1', NULL, NULL),
(71, '4', '28', '7', '2014', '2', '43', 'pesë', '5', '2', NULL, NULL),
(72, '4', '25', '9', '2018', '2', '49', 'pesë', '5', '2', NULL, NULL),
(73, '4', '26', '2', '2012', '1', '63', 'shtatë', '7', '1', NULL, NULL),
(74, '5', '1', '2', '', '', '50', 'pesë', '5', '0', NULL, NULL),
(75, '5', '4', '2', '', '', '50', 'pesë', '5', '0', NULL, NULL),
(76, '5', '45', '', '2013', '2', '', '', '', '0', NULL, NULL),
(77, '5', '5', '2', '', '', '90', 'nëntë', '9', '0', NULL, NULL),
(78, '5', '6', '7', '2012', '1', '32', 'katër', '4', '1', NULL, NULL),
(79, '5', '7', '7', '2012', '2', '31', 'katër', '4', '1', NULL, NULL),
(80, '5', '20', '', '2013', '2', '', '', '', '0', NULL, NULL),
(81, '5', '22', '', '2013', '2', '', '', '', '0', NULL, NULL),
(82, '5', '23', '', '2012', '1', '', '', '', '0', NULL, NULL),
(83, '5', '24', '2', '', '', '32', 'katër', '4', '1', NULL, NULL),
(84, '5', '25', '', '2013', '2', '', '', '', '0', NULL, NULL),
(85, '5', '26', '2', '', '', '50', 'pesë', '5', '0', NULL, NULL),
(86, '6', '29', '4', '2015', '2', '91', 'dhjetë', '10', '2', NULL, NULL),
(87, '6', '30', '4', '2015', '1', '88', 'nëntë', '9', '1', NULL, NULL),
(88, '6', '5', '11', '2011', '2', '41', 'pesë', '5', '1', NULL, NULL),
(89, '6', '46', '7', '2015', '2', '45', 'pesë', '5', '1', NULL, NULL),
(90, '6', '31', '6', '2013', '2', '52', 'gjashtë', '6', '1', NULL, NULL),
(91, '6', '32', '2', '2011', '1', '40', 'katër', '4', '2', NULL, NULL),
(92, '6', '33', '7', '2012', '2', '38', 'katër', '4', '2', NULL, NULL),
(93, '6', '34', '2', '2011', '1', '38', 'katër', '4', '1', NULL, NULL),
(94, '6', '35', '4', '2015', '1', '54', 'gjashtë', '6', '3', NULL, NULL),
(95, '6', '36', '11', '2015', '1', '48', 'pesë', '5', '3', NULL, NULL),
(96, '6', '48', '7', '2011', '2', '41.5', 'pesë', '5', '3', NULL, NULL),
(97, '6', '27', '11', '2015', '1', '55', 'gjashtë', '6', '2', NULL, NULL),
(98, '6', '37', '11', '2015', '2', '67', 'shtatë', '7', '1', NULL, NULL),
(99, '6', '38', '7', '2015', '1', '56', 'gjashtë', '6', '1', NULL, NULL),
(100, '6', '39', '11', '2015', '2', '56', 'gjashtë', '6', '1', NULL, NULL),
(101, '6', '50', '7', '2012', '1', '41', 'pesë', '5', '1', NULL, NULL),
(102, '6', '51', '1', '2015', '2', '43', 'pesë', '5', '1', NULL, NULL),
(103, '6', '40', '7', '2015', '1', '68', 'shtatë', '7', '3', NULL, NULL),
(104, '6', '52', '1', '2012', '1', '42', 'pesë', '5', '1', NULL, NULL),
(105, '6', '53', '1', '2012', '2', '42', 'pesë', '5', '1', NULL, NULL),
(106, '6', '54', '8', '2017', '2', '62', 'shtatë', '7', '1', NULL, NULL),
(107, '6', '55', '7', '2012', '2', '41', 'pesë', '5', '1', NULL, NULL),
(108, '6', '56', '1', '2015', '1', '53', 'gjashtë', '6', '1', NULL, NULL),
(109, '6', '57', '7', '2015', '2', '42', 'pesë', '5', '1', NULL, NULL),
(110, '6', '58', '5', '2013', '1', '46', 'pesë', '5', '1', NULL, NULL),
(111, '6', '21', '11', '2015', '1', '43', 'pesë', '5', '1', NULL, NULL),
(112, '6', '59', '5', '2013', '1', '44', 'pesë', '5', '1', NULL, NULL),
(113, '6', '60', '8', '2017', '1', '41', 'pesë', '5', '2', NULL, NULL),
(114, '6', '28', '11', '2015', '2', '57', 'gjashtë', '6', '1', NULL, NULL),
(115, '6', '42', '6', '2018', '2', '52', 'gjashtë', '6', '1', NULL, NULL),
(116, '6', '61', '11', '2015', '2', '44', 'pesë', '5', '3', NULL, NULL),
(117, '6', '26', '11', '2011', '1', '47', 'pesë', '5', '3', NULL, NULL),
(118, '7', '29', '6', '2011', '2', '5', 'katër', '4', '1', NULL, NULL),
(119, '7', '5', '2', '2011', '1', '39', 'katër', '4', '1', NULL, NULL),
(120, '7', '6', '2', '2011', '1', '41', 'pesë', '5', '1', NULL, NULL),
(121, '7', '7', '9', '2011', '2', '38', 'katër', '4', '2', NULL, NULL),
(122, '7', '22', '', '2011', '2', '', '', '', '0', NULL, NULL),
(123, '7', '24', '2', '2011', '1', '34', 'katër', '4', '1', NULL, NULL),
(124, '7', '26', '2', '2011', '1', '61', 'shtatë', '7', '1', NULL, NULL),
(125, '8', '62', '2', '2011', '1', '83', 'nëntë', '9', '1', NULL, NULL),
(126, '8', '63', '6', '2011', '2', '75.5', 'tetë', '8', '1', NULL, NULL),
(127, '8', '64', '2', '2011', '1', '38', 'katër', '4', '1', NULL, NULL),
(128, '8', '65', '6', '2011', '2', '38', 'katër', '4', '1', NULL, NULL),
(129, '8', '66', '11', '2012', '2', '91', 'dhjetë', '10', '1', NULL, NULL),
(130, '9', '29', '6', '2011', '2', '57', 'gjashtë', '6', '1', NULL, NULL),
(131, '9', '30', '2', '2012', '1', '43.5', 'pesë', '5', '1', NULL, NULL),
(132, '9', '67', '9', '2012', '1', '65', 'shtatë', '7', '1', NULL, NULL),
(133, '9', '68', '4', '2012', '1', '38', 'katër', '4', '1', NULL, NULL),
(134, '9', '69', '9', '2015', '1', '38', 'katër', '4', '1', NULL, NULL),
(135, '9', '5', '9', '2011', '2', '38', 'katër', '4', '1', NULL, NULL),
(136, '9', '70', '11', '2012', '1', '38', 'katër', '4', '1', NULL, NULL),
(137, '9', '71', '11', '2016', '2', '65', 'shtatë', '7', '1', NULL, NULL),
(138, '9', '32', '11', '2016', '1', '44', 'pesë', '5', '3', NULL, NULL),
(139, '9', '72', '5', '2011', '1', '70', 'shtatë', '7', '1', NULL, NULL),
(140, '9', '24', '5', '2011', '1', '79', 'tetë', '8', '1', NULL, NULL),
(141, '9', '28', '6', '2011', '2', '41', 'pesë', '5', '1', NULL, NULL),
(142, '9', '26', '5', '2011', '1', '61', 'shtatë', '7', '1', NULL, NULL),
(143, '10', '73', '2', '2012', '1', '91', 'dhjetë', '10', '1', NULL, NULL),
(144, '10', '74', '2', '2011', '1', '38', 'katër', '4', '2', NULL, NULL),
(145, '10', '75', '7', '2018', '2', '55', 'gjashtë', '6', '1', NULL, NULL),
(146, '11', '76', '9', '2014', '2', '65', 'shtatë', '7', '1', NULL, NULL),
(147, '11', '77', '6', '2011', '2', '38', 'katër', '4', '1', NULL, NULL),
(148, '11', '74', '2', '2011', '1', '38', 'katër', '4', '1', NULL, NULL),
(149, '11', '78', '6', '2011', '2', '51.5', 'gjashtë', '6', '1', NULL, NULL),
(150, '11', '79', '2', '2012', '1', '61', 'shtatë', '7', '1', NULL, NULL),
(151, '12', '62', '2', '2011', '1', '38', 'katër', '4', '2', NULL, NULL),
(152, '12', '63', '11', '2015', '2', '38', 'katër', '4', '3', NULL, NULL),
(153, '12', '80', '4', '2012', '1', '43', 'pesë', '5', '3', NULL, NULL),
(154, '12', '81', '10', '2014', '2', '41', 'pesë', '5', '1', NULL, NULL),
(155, '12', '66', '6', '2012', '2', '92', 'dhjetë', '10', '1', NULL, NULL),
(156, '13', '82', '2', '2012', '1', '61', 'shtatë', '7', '1', NULL, NULL),
(157, '13', '83', '6', '2012', '2', '40', 'katër', '4', '1', NULL, NULL),
(158, '13', '84', '6', '2012', '2', '56', 'gjashtë', '6', '1', NULL, NULL),
(159, '13', '85', '2', '2011', '1', '57', 'gjashtë', '6', '1', NULL, NULL),
(160, '13', '86', '6', '2011', '2', '74', 'tetë', '8', '1', NULL, NULL),
(161, '14', '80', '9', '2012', '1', '70', 'shtatë', '7', '1', NULL, NULL),
(162, '14', '87', '11', '2015', '1', '21', 'katër', '4', '2', NULL, NULL),
(163, '14', '88', '9', '2011', '2', '45', 'pesë', '5', '1', NULL, NULL),
(164, '14', '89', '2', '2012', '1', '44', 'pesë', '5', '1', NULL, NULL),
(165, '14', '66', '9', '2012', '2', '84', 'nëntë', '9', '1', NULL, NULL),
(166, '15', '1', '2', '2010', '1', '41.5', 'pesë', '5', '1', NULL, NULL),
(167, '15', '29', '2', '', '', '46', 'pesë', '5', '0', NULL, NULL),
(168, '15', '2', '9', '2010', '2', '35', 'katër', '4', '1', NULL, NULL),
(169, '15', '4', '9', '2011', '2', '37', 'katër', '4', '1', NULL, NULL),
(170, '15', '45', '11', '2014', '2', '37', 'katër', '4', '1', NULL, NULL),
(171, '15', '90', '7', '', '', '42', 'pesë', '5', '0', NULL, NULL),
(172, '15', '5', '2', '2010', '1', '80', 'tetë', '8', '1', NULL, NULL),
(173, '15', '6', '9', '2010', '1', '54', 'gjashtë', '6', '1', NULL, NULL),
(174, '15', '7', '9', '2018', '2', '55.3', 'gjashtë', '6', '3', NULL, NULL),
(175, '15', '20', '11', '2018', '2', '61', 'shtatë', '7', '1', NULL, NULL),
(176, '15', '22', '11', '2018', '2', '68.6', 'shtatë', '7', '2', NULL, NULL),
(177, '15', '23', '7', '2018', '1', '41', 'pesë', '5', '3', NULL, NULL),
(178, '15', '24', '2', '2010', '1', '41', 'pesë', '5', '1', NULL, NULL),
(179, '15', '25', '11', '2018', '2', '59', 'gjashtë', '6', '1', NULL, NULL),
(180, '15', '26', '2', '2010', '1', '48', 'pesë', '5', '1', NULL, NULL),
(181, '16', '1', '2', '', '', '68', 'shtatë', '7', '0', NULL, NULL),
(182, '16', '2', '2', '2010', '1', '44', 'pesë', '5', '1', NULL, NULL),
(183, '16', '3', '7', '2010', '2', '61', 'shtatë', '7', '1', NULL, NULL),
(184, '16', '4', '9', '2014', '2', '35', 'katër', '4', '1', NULL, NULL),
(185, '16', '5', '9', '2011', '1', '37', 'katër', '4', '1', NULL, NULL),
(186, '16', '6', '9', '2011', '1', '46', 'pesë', '5', '4', NULL, NULL),
(187, '16', '7', '9', '2011', '2', '41', 'pesë', '5', '1', NULL, NULL),
(188, '16', '19', '9', '2013', '2', '41', 'pesë', '5', '1', NULL, NULL),
(189, '16', '20', '9', '2015', '2', '71', 'tetë', '8', '1', NULL, NULL),
(190, '16', '21', '2', '', '', '41', 'pesë', '5', '0', NULL, NULL),
(191, '16', '22', '4', '2012', '2', '41', 'pesë', '5', '4', NULL, NULL),
(192, '16', '23', '4', '2012', '1', '46', 'pesë', '5', '1', NULL, NULL),
(193, '16', '91', '7', '2014', '2', '41', 'pesë', '5', '1', NULL, NULL),
(194, '16', '24', '2', '2010', '1', '57.5', 'gjashtë', '6', '1', NULL, NULL),
(195, '16', '28', '11', '2014', '2', '43', 'pesë', '5', '1', NULL, NULL),
(196, '16', '26', '2', '2010', '1', '78', 'tetë', '8', '1', NULL, NULL),
(197, '17', '1', '7', '2010', '1', '43', 'pesë', '5', '1', NULL, NULL),
(198, '17', '2', '7', '2010', '2', '43', 'pesë', '5', '1', NULL, NULL),
(199, '17', '3', '7', '2010', '2', '35', 'katër', '4', '1', NULL, NULL),
(200, '17', '4', '8', '2017', '2', '21', 'katër', '4', '2', NULL, NULL),
(201, '17', '5', '9', '2011', '1', '39', 'katër', '4', '1', NULL, NULL),
(202, '17', '14', '7', '2014', '2', '41', 'pesë', '5', '1', NULL, NULL),
(203, '17', '92', '8', '2017', '1', '41', 'pesë', '5', '2', NULL, NULL),
(204, '17', '19', '8', '2017', '1', '47', 'pesë', '5', '2', NULL, NULL),
(205, '17', '93', '2', '2015', '1', '44', 'pesë', '5', '1', NULL, NULL),
(206, '17', '20', '6', '2015', '2', '52', 'gjashtë', '6', '1', NULL, NULL),
(207, '17', '22', '8', '2017', '2', '41', 'pesë', '5', '2', NULL, NULL),
(208, '17', '23', '8', '2017', '1', '59', 'gjashtë', '6', '2', NULL, NULL),
(209, '17', '91', '9', '2016', '1', '41', 'pesë', '5', '1', NULL, NULL),
(210, '17', '24', '7', '2010', '1', '41', 'pesë', '5', '2', NULL, NULL),
(211, '17', '25', '6', '2018', '2', '21', 'katër', '4', '2', NULL, NULL),
(212, '17', '26', '7', '2014', '1', '35', 'katër', '4', '1', NULL, NULL),
(213, '18', '1', '2', '2010', '1', '36', 'katër', '4', '1', NULL, NULL),
(214, '18', '30', '7', '2012', '2', '32', 'katër', '4', '2', NULL, NULL),
(215, '18', '2', '9', '2010', '2', '39', 'katër', '4', '1', NULL, NULL),
(216, '18', '3', '2', '2011', '1', '35', 'katër', '4', '1', NULL, NULL),
(217, '18', '67', '2', '2012', '1', '51', 'gjashtë', '6', '1', NULL, NULL),
(218, '18', '94', '2', '2010', '1', '57', 'gjashtë', '6', '1', NULL, NULL),
(219, '18', '95', '9', '2011', '2', '58', 'gjashtë', '6', '2', NULL, NULL),
(220, '18', '6', '2', '2010', '1', '45.5', 'pesë', '5', '1', NULL, NULL),
(221, '18', '7', '7', '2018', '2', '41', 'pesë', '5', '4', NULL, NULL),
(222, '18', '20', '6', '2012', '2', '51', 'gjashtë', '6', '1', NULL, NULL),
(223, '18', '22', '11', '2018', '2', '41', 'pesë', '5', '4', NULL, NULL),
(224, '18', '23', '4', '2012', '1', '42', 'pesë', '5', '3', NULL, NULL),
(225, '18', '24', '2', '2010', '1', '65', 'shtatë', '7', '1', NULL, NULL),
(226, '18', '26', '2', '2010', '1', '21', 'katër', '4', '2', NULL, NULL),
(227, '19', '1', '2', '2010', '1', '35', 'katër', '4', '1', NULL, NULL),
(228, '19', '2', '6', '2010', '2', '36', 'katër', '4', '1', NULL, NULL),
(229, '19', '3', '2', '2011', '1', '32', 'katër', '4', '2', NULL, NULL),
(230, '19', '97', '2', '2011', '1', '56', 'gjashtë', '6', '1', NULL, NULL),
(231, '19', '5', '6', '2010', '2', '45', 'pesë', '5', '1', NULL, NULL),
(232, '19', '70', '9', '2013', '1', '50', 'pesë', '5', '1', NULL, NULL),
(233, '19', '46', '2', '2010', '1', '50', 'pesë', '5', '1', NULL, NULL),
(234, '19', '71', '6', '2012', '2', '42', 'pesë', '5', '1', NULL, NULL),
(235, '19', '72', '9', '2010', '1', '63', 'shtatë', '7', '2', NULL, NULL),
(236, '19', '24', '2', '2010', '1', '63.5', 'shtatë', '7', '1', NULL, NULL),
(237, '19', '28', '9', '2018', '2', '61', 'shtatë', '7', '4', NULL, NULL),
(238, '19', '99', '6', '2010', '2', '52', 'gjashtë', '6', '1', NULL, NULL),
(239, '19', '26', '2', '2010', '1', '62', 'shtatë', '7', '1', NULL, NULL),
(240, '20', '29', '2', '', '', '80', 'tetë', '8', '0', NULL, NULL),
(241, '20', '5', '2', '', '', '35', 'katër', '4', '1', NULL, NULL),
(242, '20', '6', '2', '2010', '1', '36', 'katër', '4', '1', NULL, NULL),
(243, '20', '7', '2', '', '', '32', 'katër', '4', '2', NULL, NULL),
(244, '20', '19', '2', '', '', '39', 'katër', '4', '1', NULL, NULL),
(245, '20', '20', '6', '2010', '2', '100', 'dhjetë', '10', '1', NULL, NULL),
(246, '20', '22', '2', '', '', '50', 'pesë', '5', '0', NULL, NULL),
(247, '20', '23', '2', '', '', '50', 'pesë', '5', '0', NULL, NULL),
(248, '20', '24', '2', '2010', '1', '88', 'nëntë', '9', '1', NULL, NULL),
(249, '20', '101', '2', '', '', '70', 'shtatë', '7', '0', NULL, NULL),
(250, '20', '26', '2', '2010', '1', '78', 'tetë', '8', '1', NULL, NULL),
(251, '21', '29', '2', '2009', '1', '83', 'nëntë', '9', '1', NULL, NULL),
(252, '21', '30', '6', '2009', '2', '84.5', 'nëntë', '9', '1', NULL, NULL),
(253, '21', '4', '9', '2010', '2', '41', 'pesë', '5', '1', NULL, NULL),
(254, '21', '5', '2', '2009', '1', '100', 'dhjetë', '10', '1', NULL, NULL),
(255, '21', '6', '2', '2009', '1', '52', 'gjashtë', '6', '1', NULL, NULL),
(256, '21', '7', '9', '2009', '2', '44', 'pesë', '5', '2', NULL, NULL),
(257, '21', '20', '9', '2012', '2', '72', 'tetë', '8', '1', NULL, NULL),
(258, '21', '27', '11', '2012', '1', '41', 'pesë', '5', '3', NULL, NULL),
(259, '21', '22', '9', '2012', '2', '43', 'pesë', '5', '3', NULL, NULL),
(260, '21', '23', '9', '2012', '1', '41', 'pesë', '5', '3', NULL, NULL),
(261, '21', '24', '2', '2009', '1', '67.9', 'shtatë', '7', '1', NULL, NULL),
(262, '21', '26', '2', '2009', '1', '56', 'gjashtë', '6', '1', NULL, NULL),
(263, '22', '29', '2', '2009', '1', '59.5', 'gjashtë', '6', '1', NULL, NULL),
(264, '22', '30', '6', '2009', '2', '45.5', 'pesë', '5', '1', NULL, NULL),
(265, '22', '5', '6', '2009', '2', '72', 'tetë', '8', '1', NULL, NULL),
(266, '22', '70', '2', '2010', '1', '61', 'shtatë', '7', '1', NULL, NULL),
(267, '22', '46', '2', '2009', '1', '41.5', 'pesë', '5', '1', NULL, NULL),
(268, '22', '71', '6', '2011', '2', '90', 'nëntë', '9', '1', NULL, NULL),
(269, '22', '72', '2', '2009', '1', '50', 'pesë', '5', '1', NULL, NULL),
(270, '22', '24', '2', '2009', '1', '65.3', 'shtatë', '7', '1', NULL, NULL),
(271, '22', '28', '6', '2010', '2', '42', 'pesë', '5', '1', NULL, NULL),
(272, '22', '99', '9', '2018', '2', '52', 'gjashtë', '6', '4', NULL, NULL),
(273, '22', '102', '9', '2018', '2', '71', 'tetë', '8', '1', NULL, NULL),
(274, '22', '61', '6', '2010', '2', '46', 'pesë', '5', '1', NULL, NULL),
(275, '22', '26', '2', '2009', '1', '45', 'pesë', '5', '1', NULL, NULL),
(276, '23', '103', '9', '2007', '1', '85', 'nëntë', '9', '2', NULL, NULL),
(277, '23', '104', '6', '2007', '2', '45', 'pesë', '5', '1', NULL, NULL),
(278, '23', '90', '11', '2009', '2', '67', 'shtatë', '7', '0', NULL, NULL),
(279, '23', '5', '6', '2007', '2', '39', 'katër', '4', '1', NULL, NULL),
(280, '23', '6', '6', '2007', '2', '35', 'katër', '4', '1', NULL, NULL),
(281, '23', '7', '4', '2011', '2', '47', 'pesë', '5', '3', NULL, NULL),
(282, '23', '106', '2', '2007', '1', '65', 'shtatë', '7', '1', NULL, NULL),
(283, '23', '70', '2', '2007', '1', '45', 'pesë', '5', '1', NULL, NULL),
(284, '23', '20', '6', '2009', '2', '75', 'tetë', '8', '1', NULL, NULL),
(285, '23', '35', '6', '2007', '2', '45', 'pesë', '5', '1', NULL, NULL),
(286, '23', '22', '9', '2008', '1', '41', 'pesë', '5', '3', NULL, NULL),
(287, '23', '23', '9', '2008', '1', '41', 'pesë', '5', '1', NULL, NULL),
(288, '23', '24', '7', '2009', '1', '60', 'gjashtë', '6', '3', NULL, NULL),
(289, '23', '25', '9', '2018', '2', '47', 'pesë', '5', '1', NULL, NULL),
(290, '23', '26', '7', '2009', '1', '21', 'katër', '4', '2', NULL, NULL),
(291, '24', '29', '2', '', '', '35', 'katër', '4', '1', NULL, NULL),
(292, '24', '30', '2', '', '', '36', 'katër', '4', '1', NULL, NULL),
(293, '24', '5', '2', '', '', '32', 'katër', '4', '2', NULL, NULL),
(294, '24', '70', '2', '', '', '39', 'katër', '4', '1', NULL, NULL),
(295, '24', '13', '6', '2007', '2', '35', 'katër', '4', '1', NULL, NULL),
(296, '24', '109', '6', '2007', '2', '55', 'gjashtë', '6', '1', NULL, NULL),
(297, '24', '110', '2', '', '', '60', 'gjashtë', '6', '0', NULL, NULL),
(298, '24', '111', '2', '2006', '1', '85', 'nëntë', '9', '1', NULL, NULL),
(299, '24', '31', '7', '2018', '2', '85', 'nëntë', '9', '1', NULL, NULL),
(300, '24', '112', '', '2006', '2', '', '', '', '0', NULL, NULL),
(301, '24', '113', '6', '2007', '2', '45', 'pesë', '5', '1', NULL, NULL),
(302, '24', '32', '9', '2008', '1', '73.5', 'tetë', '8', '1', NULL, NULL),
(303, '24', '33', '9', '2007', '1', '45', 'pesë', '5', '1', NULL, NULL),
(304, '24', '34', '2', '2006', '1', '75', 'tetë', '8', '1', NULL, NULL),
(305, '24', '35', '2', '2006', '1', '55', 'gjashtë', '6', '1', NULL, NULL),
(306, '24', '114', '6', '2006', '2', '55', 'gjashtë', '6', '1', NULL, NULL),
(307, '24', '115', '2', '2006', '1', '45', 'pesë', '5', '1', NULL, NULL),
(308, '24', '48', '6', '2006', '2', '65', 'shtatë', '7', '1', NULL, NULL),
(309, '24', '27', '', '2008', '1', '63', 'shtatë', '7', '0', NULL, NULL),
(310, '24', '37', '2', '2006', '1', '65', 'shtatë', '7', '1', NULL, NULL),
(311, '24', '116', '', '2007', '1', '', '', '', '0', NULL, NULL),
(312, '24', '50', '7', '2006', '2', '41', 'pesë', '5', '1', NULL, NULL),
(313, '24', '51', '', '2008', '1', '41', 'pesë', '5', '0', NULL, NULL),
(314, '24', '52', '', '2008', '1', '41', 'pesë', '5', '0', NULL, NULL),
(315, '24', '53', '7', '2007', '2', '41', 'pesë', '5', '0', NULL, NULL),
(316, '24', '54', '', '', '', '55', 'gjashtë', '6', '0', NULL, NULL),
(317, '24', '55', '', '2008', '1', '41', 'pesë', '5', '0', NULL, NULL),
(318, '24', '56', '', '2008', '1', '56', 'gjashtë', '6', '0', NULL, NULL),
(319, '24', '58', '', '2007', '2', '63', 'shtatë', '7', '0', NULL, NULL),
(320, '24', '21', '', '', '', '45', 'pesë', '5', '0', NULL, NULL),
(321, '24', '59', '', '', '', '41', 'pesë', '5', '0', NULL, NULL),
(322, '24', '117', '', '2007', '1', '47', 'pesë', '5', '0', NULL, NULL),
(323, '24', '72', '', '2006', '2', '41', 'pesë', '5', '0', NULL, NULL),
(324, '24', '24', '9', '2008', '1', '88', 'nëntë', '9', '1', NULL, NULL),
(325, '24', '120', '9', '2008', '2', '78', 'tetë', '8', '1', NULL, NULL),
(326, '24', '121', '9', '2007', '2', '65', 'shtatë', '7', '1', NULL, NULL),
(327, '24', '42', '7', '2018', '2', '72.5', 'tetë', '8', '1', NULL, NULL),
(328, '24', '26', '2', '', '', '80', 'tetë', '8', '0', NULL, NULL),
(329, '25', '29', '9', '2013', '2', '41', 'pesë', '5', '2', NULL, NULL),
(330, '25', '30', '2', '2013', '1', '57.5', 'gjashtë', '6', '1', NULL, NULL),
(331, '25', '123', '4', '2016', '2', '45', 'pesë', '5', '2', NULL, NULL),
(332, '25', '124', '9', '2017', '1', '51', 'gjashtë', '6', '2', NULL, NULL),
(333, '25', '125', '9', '2017', '2', '49', 'pesë', '5', '2', NULL, NULL),
(334, '25', '45', '6', '2017', '2', '71', 'tetë', '8', '1', NULL, NULL),
(335, '25', '90', '2', '2017', '1', '63', 'shtatë', '7', '1', NULL, NULL),
(336, '25', '67', '2', '2017', '1', '68.5', 'shtatë', '7', '1', NULL, NULL),
(337, '25', '127', '6', '2017', '2', '79', 'tetë', '8', '1', NULL, NULL),
(338, '25', '128', '2', '2017', '1', '55', 'gjashtë', '6', '1', NULL, NULL),
(339, '25', '129', '6', '2017', '2', '51', 'gjashtë', '6', '1', NULL, NULL),
(340, '25', '130', '2', '2017', '1', '36', 'katër', '4', '1', NULL, NULL),
(341, '25', '68', '4', '2016', '1', '32', 'katër', '4', '2', NULL, NULL),
(342, '25', '5', '2', '2012', '1', '39', 'katër', '4', '1', NULL, NULL),
(343, '25', '6', '2', '2012', '1', '35', 'katër', '4', '1', NULL, NULL),
(344, '25', '7', '11', '2017', '2', '44', 'pesë', '5', '3', NULL, NULL),
(345, '25', '9', '9', '2017', '1', '51', 'gjashtë', '6', '1', NULL, NULL),
(346, '25', '14', '4', '2016', '2', '41', 'pesë', '5', '2', NULL, NULL),
(347, '25', '92', '2', '2017', '1', '43', 'pesë', '5', '1', NULL, NULL),
(348, '25', '15', '11', '2017', '2', '41', 'pesë', '5', '2', NULL, NULL),
(349, '25', '110', '9', '2017', '2', '69', 'shtatë', '7', '2', NULL, NULL),
(350, '25', '20', '6', '2017', '2', '81', 'nëntë', '9', '1', NULL, NULL),
(351, '25', '133', '4', '2016', '1', '51', 'gjashtë', '6', '2', NULL, NULL),
(352, '25', '22', '9', '2013', '2', '44', 'pesë', '5', '2', NULL, NULL),
(353, '25', '23', '2', '2013', '1', '42', 'pesë', '5', '1', NULL, NULL),
(354, '25', '91', '2', '2017', '1', '62.5', 'shtatë', '7', '1', NULL, NULL),
(355, '25', '24', '2', '2012', '1', '61', 'shtatë', '7', '1', NULL, NULL),
(356, '25', '28', '9', '2017', '2', '48', 'pesë', '5', '1', NULL, NULL),
(357, '25', '25', '11', '2017', '2', '41', 'pesë', '5', '1', NULL, NULL),
(358, '25', '26', '2', '2012', '1', '64', 'shtatë', '7', '1', NULL, NULL),
(359, '26', '29', '2', '', '', '72.5', 'tetë', '8', '0', NULL, NULL),
(360, '26', '30', '2', '', '', '45', 'pesë', '5', '0', NULL, NULL),
(361, '26', '4', '10', '2018', '2', '44', 'pesë', '5', '1', NULL, NULL),
(362, '26', '94', '2', '2012', '1', '79', 'tetë', '8', '1', NULL, NULL),
(363, '26', '95', '9', '2013', '2', '23.5', 'katër', '4', '2', NULL, NULL),
(364, '26', '6', '11', '2014', '1', '49', 'pesë', '5', '2', NULL, NULL),
(365, '26', '7', '4', '2017', '2', '58.5', 'gjashtë', '6', '3', NULL, NULL),
(366, '26', '20', '6', '2018', '2', '45', 'pesë', '5', '1', NULL, NULL),
(367, '26', '22', '9', '2012', '2', '58', 'gjashtë', '6', '1', NULL, NULL),
(368, '26', '23', '', '2013', '1', '', '', '', '0', NULL, NULL),
(369, '26', '24', '2', '2012', '1', '56', 'gjashtë', '6', '1', NULL, NULL),
(370, '26', '28', '10', '2018', '2', '51', 'gjashtë', '6', '1', NULL, NULL),
(371, '26', '25', '', '2014', '2', '', '', '', '0', NULL, NULL),
(372, '26', '26', '2', '2012', '1', '46', 'pesë', '5', '1', NULL, NULL),
(373, '27', '29', '9', '2014', '2', '41', 'pesë', '5', '2', NULL, NULL),
(374, '27', '30', '', '2015', '2', '', '', '', '0', NULL, NULL),
(375, '27', '68', '9', '2014', '2', '42', 'pesë', '5', '1', NULL, NULL),
(376, '27', '5', '6', '2012', '2', '65', 'shtatë', '7', '1', NULL, NULL),
(377, '27', '70', '9', '2014', '1', '29', 'katër', '4', '1', NULL, NULL),
(378, '27', '92', '', '2014', '1', '', '', '', '0', NULL, NULL),
(379, '27', '71', '', '2015', '2', '35', 'katër', '4', '1', NULL, NULL),
(380, '27', '32', '2', '2012', '1', '32', 'katër', '4', '1', NULL, NULL),
(381, '27', '72', '', '2012', '1', '', '', '', '0', NULL, NULL),
(382, '27', '24', '2', '2012', '1', '45', 'pesë', '5', '1', NULL, NULL),
(383, '27', '28', '6', '2012', '2', '46', 'pesë', '5', '1', NULL, NULL),
(384, '27', '99', '', '2015', '2', '', '', '', '0', NULL, NULL),
(385, '27', '61', '6', '2014', '2', '44.5', 'pesë', '5', '1', NULL, NULL),
(386, '27', '26', '2', '2012', '1', '41', 'pesë', '5', '1', NULL, NULL),
(387, '28', '29', '2', '', '', '82', 'nëntë', '9', '0', NULL, NULL),
(388, '28', '30', '2', '', '', '75', 'tetë', '8', '0', NULL, NULL),
(389, '28', '68', '9', '2014', '2', '46', 'pesë', '5', '1', NULL, NULL),
(390, '28', '5', '6', '2012', '2', '92', 'dhjetë', '10', '1', NULL, NULL),
(391, '28', '92', '7', '2014', '1', '41', 'pesë', '5', '3', NULL, NULL),
(392, '28', '31', '9', '2014', '2', '83', 'nëntë', '9', '1', NULL, NULL),
(393, '28', '32', '2', '2012', '1', '65', 'shtatë', '7', '1', NULL, NULL),
(394, '28', '33', '11', '2014', '2', '44', 'pesë', '5', '2', NULL, NULL),
(395, '28', '34', '2', '2012', '1', '85', 'nëntë', '9', '1', NULL, NULL),
(396, '28', '35', '2', '2012', '1', '52', 'gjashtë', '6', '1', NULL, NULL),
(397, '28', '36', '2', '2012', '1', '63', 'shtatë', '7', '1', NULL, NULL),
(398, '28', '37', '4', '2013', '2', '54', 'gjashtë', '6', '1', NULL, NULL),
(399, '28', '39', '6', '2013', '2', '49', 'pesë', '5', '1', NULL, NULL),
(400, '28', '134', '6', '2014', '2', '46', 'pesë', '5', '1', NULL, NULL),
(401, '28', '28', '6', '2014', '2', '36', 'katër', '4', '1', NULL, NULL),
(402, '28', '42', '', '2014', '2', '32', 'katër', '4', '2', NULL, NULL),
(403, '28', '26', '2', '2012', '1', '39', 'katër', '4', '1', NULL, NULL),
(404, '29', '87', '7', '2018', '1', '22', 'katër', '4', '4', NULL, NULL),
(405, '29', '135', '6', '2012', '2', '61', 'shtatë', '7', '1', NULL, NULL),
(406, '29', '136', '6', '2012', '2', '41', 'pesë', '5', '1', NULL, NULL),
(407, '29', '89', '2', '2013', '1', '41', 'pesë', '5', '1', NULL, NULL),
(408, '29', '66', '6', '2013', '2', '91', 'dhjetë', '10', '1', NULL, NULL),
(409, '29', '85', '6', '2013', '2', '61', 'shtatë', '7', '1', NULL, NULL),
(410, '30', '29', '', '2012', '2', '', '', '', '0', NULL, NULL),
(411, '30', '30', '9', '2013', '1', '44', 'pesë', '5', '1', NULL, NULL),
(412, '30', '5', '9', '2012', '1', '35', 'katër', '4', '1', NULL, NULL),
(413, '30', '6', '2', '2012', '1', '46', 'pesë', '5', '1', NULL, NULL),
(414, '30', '7', '11', '2012', '2', '41', 'pesë', '5', '2', NULL, NULL),
(415, '30', '93', '2', '2014', '1', '53', 'gjashtë', '6', '1', NULL, NULL),
(416, '30', '22', '', '2012', '2', '', '', '', '0', NULL, NULL),
(417, '30', '23', '', '2013', '1', '', '', '', '0', NULL, NULL),
(418, '30', '24', '9', '2012', '1', '74', 'tetë', '8', '1', NULL, NULL),
(419, '30', '26', '2', '2012', '1', '82', 'nëntë', '9', '1', NULL, NULL),
(420, '31', '29', '2', '', '', '55', 'gjashtë', '6', '0', NULL, NULL),
(421, '31', '30', '2', '', '', '52.5', 'gjashtë', '6', '0', NULL, NULL),
(422, '31', '4', '', '2014', '2', '', '', '', '0', NULL, NULL),
(423, '31', '5', '2', '2012', '1', '27', 'katër', '4', '1', NULL, NULL),
(424, '31', '6', '9', '2013', '1', '41', 'pesë', '5', '1', NULL, NULL),
(425, '31', '7', '', '2012', '2', '', '', '', '0', NULL, NULL),
(426, '31', '19', '', '2014', '1', '', '', '', '0', NULL, NULL),
(427, '31', '20', '', '2014', '2', '', '', '', '0', NULL, NULL),
(428, '31', '21', '', '2014', '2', '', '', '', '0', NULL, NULL),
(429, '31', '22', '', '2012', '2', '', '', '', '0', NULL, NULL),
(430, '31', '23', '', '2013', '1', '', '', '', '0', NULL, NULL),
(431, '31', '24', '2', '2012', '1', '53', 'gjashtë', '6', '1', NULL, NULL),
(432, '31', '28', '', '2014', '2', '', '', '', '0', NULL, NULL),
(433, '31', '25', '', '2014', '2', '', '', '', '0', NULL, NULL),
(434, '31', '26', '2', '2012', '1', '62', 'shtatë', '7', '1', NULL, NULL),
(435, '32', '29', '7', '2015', '2', '60', 'gjashtë', '6', '1', NULL, NULL),
(436, '32', '5', '2', '2012', '1', '48', 'pesë', '5', '1', NULL, NULL),
(437, '32', '6', '9', '2012', '1', '34', 'katër', '4', '2', NULL, NULL),
(438, '32', '7', '', '2012', '2', '', '', '', '0', NULL, NULL),
(439, '32', '22', '9', '2012', '2', '2', 'katër', '4', '2', NULL, NULL),
(440, '32', '24', '2', '2012', '1', '44.5', 'pesë', '5', '1', NULL, NULL),
(441, '32', '26', '9', '2012', '1', '46', 'pesë', '5', '2', NULL, NULL),
(442, '33', '29', '9', '2012', '2', '61', 'shtatë', '7', '1', NULL, NULL),
(443, '33', '30', '11', '2014', '1', '64', 'shtatë', '7', '1', NULL, NULL),
(444, '33', '4', '9', '2014', '2', '46', 'pesë', '5', '2', NULL, NULL),
(445, '33', '5', '2', '2012', '1', '42', 'pesë', '5', '1', NULL, NULL),
(446, '33', '6', '9', '2012', '1', '49', 'pesë', '5', '2', NULL, NULL),
(447, '33', '7', '6', '2012', '2', '42', 'pesë', '5', '1', NULL, NULL),
(448, '33', '19', '5', '2014', '1', '55', 'gjashtë', '6', '2', NULL, NULL),
(449, '33', '20', '6', '2014', '2', '46', 'pesë', '5', '1', NULL, NULL),
(450, '33', '21', '7', '2014', '2', '28.5', 'katër', '4', '1', NULL, NULL),
(451, '33', '22', '9', '2014', '2', '0', '', '', '1', NULL, NULL),
(452, '33', '23', '2', '2013', '1', '41', 'pesë', '5', '1', NULL, NULL),
(453, '33', '24', '9', '2012', '1', '42', 'pesë', '5', '2', NULL, NULL),
(454, '33', '28', '7', '2014', '2', '10', 'katër', '4', '1', NULL, NULL),
(455, '33', '25', '', '2014', '2', '', '', '', '0', NULL, NULL),
(456, '33', '26', '2', '2012', '1', '8', 'katër', '4', '1', NULL, NULL),
(457, '34', '29', '2', '', '', '57.5', 'gjashtë', '6', '0', NULL, NULL),
(458, '34', '30', '6', '2012', '2', '49', 'pesë', '5', '1', NULL, NULL),
(459, '34', '5', '2', '2012', '1', '47', 'pesë', '5', '1', NULL, NULL),
(460, '34', '6', '9', '2012', '1', '41', 'pesë', '5', '2', NULL, NULL),
(461, '34', '7', '', '2012', '2', '', '', '', '0', NULL, NULL),
(462, '34', '133', '2', '2013', '1', '3', 'katër', '4', '1', NULL, NULL),
(463, '34', '22', '6', '2012', '2', '41', 'pesë', '5', '1', NULL, NULL),
(464, '34', '23', '2', '2013', '1', '36', 'katër', '4', '1', NULL, NULL),
(465, '34', '24', '2', '2012', '1', '32', 'katër', '4', '2', NULL, NULL),
(466, '34', '26', '2', '2012', '1', '39', 'katër', '4', '1', NULL, NULL),
(467, '35', '29', '2', '', '', '35', 'katër', '4', '1', NULL, NULL),
(468, '35', '30', '2', '', '', '57.5', 'gjashtë', '6', '0', NULL, NULL),
(469, '35', '5', '', '2012', '1', '', '', '', '0', NULL, NULL),
(470, '35', '6', '9', '2012', '1', '41', 'pesë', '5', '2', NULL, NULL),
(471, '35', '7', '6', '2012', '2', '24', 'katër', '4', '1', NULL, NULL),
(472, '35', '133', '', '2013', '1', '', '', '', '0', NULL, NULL),
(473, '35', '22', '6', '2012', '2', '73', 'tetë', '8', '1', NULL, NULL),
(474, '35', '23', '2', '2013', '1', '94', 'dhjetë', '10', '1', NULL, NULL),
(475, '35', '24', '2', '2012', '1', '41', 'pesë', '5', '1', NULL, NULL),
(476, '35', '26', '2', '2012', '1', '31', 'katër', '4', '1', NULL, NULL),
(477, '36', '29', '9', '2012', '2', '65', 'shtatë', '7', '2', NULL, NULL),
(478, '36', '30', '2', '2013', '1', '52', 'gjashtë', '6', '1', NULL, NULL),
(479, '36', '4', '6', '2014', '2', '41', 'pesë', '5', '1', NULL, NULL),
(480, '36', '5', '2', '2012', '1', '44', 'pesë', '5', '1', NULL, NULL),
(481, '36', '6', '9', '2012', '1', '41', 'pesë', '5', '2', NULL, NULL),
(482, '36', '7', '7', '2014', '2', '41', 'pesë', '5', '1', NULL, NULL),
(483, '36', '19', '3', '2014', '1', '35', 'katër', '4', '1', NULL, NULL),
(484, '36', '20', '6', '2014', '2', '45', 'pesë', '5', '1', NULL, NULL),
(485, '36', '21', '6', '2014', '2', '42.5', 'pesë', '5', '1', NULL, NULL),
(486, '36', '22', '9', '2012', '2', '4', 'katër', '4', '2', NULL, NULL),
(487, '36', '23', '', '2013', '1', '', '', '', '0', NULL, NULL),
(488, '36', '24', '2', '2012', '1', '41', 'pesë', '5', '1', NULL, NULL),
(489, '36', '28', '6', '2014', '2', '16', 'katër', '4', '1', NULL, NULL),
(490, '36', '25', '', '2014', '2', '', '', '', '0', NULL, NULL),
(491, '36', '26', '9', '2012', '1', '61', 'shtatë', '7', '1', NULL, NULL),
(492, '37', '29', '1', '2013', '2', '41', 'pesë', '5', '1', NULL, NULL),
(493, '37', '30', '', '', '', '41', 'pesë', '5', '0', NULL, NULL),
(494, '37', '4', '9', '2014', '2', '25', 'katër', '4', '1', NULL, NULL),
(495, '37', '94', '11', '2013', '1', '83', 'nëntë', '9', '2', NULL, NULL),
(496, '37', '95', '', '2015', '2', '', '', '', '0', NULL, NULL),
(497, '37', '6', '', '2012', '1', '', '', '', '0', NULL, NULL),
(498, '37', '7', '7', '2013', '2', '36', 'katër', '4', '1', NULL, NULL),
(499, '37', '18', '', '2015', '2', '', '', '', '0', NULL, NULL),
(500, '37', '20', '', '2015', '2', '', '', '', '0', NULL, NULL),
(501, '37', '22', '', '2012', '2', '', '', '', '0', NULL, NULL),
(502, '37', '23', '', '2014', '1', '', '', '', '0', NULL, NULL),
(503, '37', '91', '', '2015', '1', '', '', '', '0', NULL, NULL),
(504, '37', '24', '11', '2013', '1', '45', 'pesë', '5', '1', NULL, NULL),
(505, '37', '25', '', '2015', '2', '', '', '', '0', NULL, NULL),
(506, '37', '26', '11', '2013', '1', '44', 'pesë', '5', '1', NULL, NULL),
(507, '38', '29', '6', '2012', '2', '46.5', 'pesë', '5', '1', NULL, NULL),
(508, '38', '30', '2', '2013', '1', '76', 'tetë', '8', '1', NULL, NULL),
(509, '38', '4', '9', '2016', '1', '36', 'katër', '4', '1', NULL, NULL),
(510, '38', '5', '2', '2012', '1', '71', 'tetë', '8', '1', NULL, NULL),
(511, '38', '6', '2', '2012', '1', '43', 'pesë', '5', '1', NULL, NULL),
(512, '38', '7', '6', '2012', '2', '41', 'pesë', '5', '1', NULL, NULL);

-- --------------------------------------------------------

--
-- Table structure for table `studentet`
--

CREATE TABLE `studentet` (
  `student_ID` int NOT NULL,
  `Email` varchar(50) DEFAULT NULL,
  `Emri` varchar(50) DEFAULT NULL,
  `Mbiemri` varchar(50) DEFAULT NULL,
  `Statusi` varchar(50) DEFAULT NULL
) ENGINE=InnoDB DEFAULT CHARSET=utf8mb4 COLLATE=utf8mb4_unicode_ci;

--
-- Dumping data for table `studentet`
--

INSERT INTO `studentet` (`student_ID`, `Email`, `Emri`, `Mbiemri`, `Statusi`) VALUES
(1, 'Studenti1@uet.edu.al', 'Studenti1', 'Mbiemri1', 'Active'),
(2, 'Studenti2@uet.edu.al', 'Studenti2', 'Mbiemri2', 'Declared'),
(3, 'Studenti3@uet.edu.al', 'Studenti3', 'Mbiemri3', 'Declared'),
(4, 'Studenti4@uet.edu.al', 'Studenti4', 'Mbiemri4', 'Declared'),
(5, 'Studenti5@uet.edu.al', 'Studenti5', 'Mbiemri5', 'Active'),
(6, 'Studenti6@uet.edu.al', 'Studenti6', 'Mbiemri6', 'Declared'),
(7, 'Studenti7@uet.edu.al', 'Studenti7', 'Mbiemri7', 'Active'),
(8, 'Studenti8@uet.edu.al', 'Studenti8', 'Mbiemri8', 'Declared'),
(9, 'Studenti9@uet.edu.al', 'Studenti9', 'Mbiemri9', 'Declared'),
(10, 'Studenti10@uet.edu.al', 'Studenti10', 'Mbiemri10', 'Declared'),
(11, 'Studenti11@uet.edu.al', 'Studenti11', 'Mbiemri11', 'Active'),
(12, 'Studenti12@uet.edu.al', 'Studenti12', 'Mbiemri12', 'Declared'),
(13, 'Studenti13@uet.edu.al', 'Studenti13', 'Mbiemri13', 'Declared'),
(14, 'Studenti14@uet.edu.al', 'Studenti14', 'Mbiemri14', 'Active'),
(15, 'Studenti15@uet.edu.al', 'Studenti15', 'Mbiemri15', 'Declared'),
(16, 'Studenti16@uet.edu.al', 'Studenti16', 'Mbiemri16', 'Active'),
(17, 'Studenti17@uet.edu.al', 'Studenti17', 'Mbiemri17', 'Declared'),
(18, 'Studenti18@uet.edu.al', 'Studenti18', 'Mbiemri18', 'Declared'),
(19, 'Studenti19@uet.edu.al', 'Studenti19', 'Mbiemri19', 'Declared'),
(20, 'Studenti20@uet.edu.al', 'Studenti20', 'Mbiemri20', 'Active'),
(21, 'Studenti21@uet.edu.al', 'Studenti21', 'Mbiemri21', 'Declared'),
(22, 'Studenti22@uet.edu.al', 'Studenti22', 'Mbiemri22', 'Declared'),
(23, 'Studenti23@uet.edu.al', 'Studenti23', 'Mbiemri23', 'Declared'),
(24, 'Studenti24@uet.edu.al', 'Studenti24', 'Mbiemri24', 'Declared'),
(25, 'Studenti25@uet.edu.al', 'Studenti25', 'Mbiemri25', 'Active'),
(26, 'Studenti26@uet.edu.al', 'Studenti26', 'Mbiemri26', 'Active'),
(27, 'Studenti27@uet.edu.al', 'Studenti27', 'Mbiemri27', 'Active'),
(28, 'Studenti28@uet.edu.al', 'Studenti28', 'Mbiemri28', 'Active'),
(29, 'Studenti29@uet.edu.al', 'Studenti29', 'Mbiemri29', 'Active'),
(30, 'Studenti30@uet.edu.al', 'Studenti30', 'Mbiemri30', 'Active'),
(31, 'Studenti31@uet.edu.al', 'Studenti31', 'Mbiemri31', 'Active'),
(32, 'Studenti32@uet.edu.al', 'Studenti32', 'Mbiemri32', 'Active'),
(33, 'Studenti33@uet.edu.al', 'Studenti33', 'Mbiemri33', 'Active'),
(34, 'Studenti34@uet.edu.al', 'Studenti34', 'Mbiemri34', 'Active'),
(35, 'Studenti35@uet.edu.al', 'Studenti35', 'Mbiemri35', 'Active'),
(36, 'Studenti36@uet.edu.al', 'Studenti36', 'Mbiemri36', 'Active'),
(37, 'Studenti37@uet.edu.al', 'Studenti37', 'Mbiemri37', 'Active'),
(38, 'Studenti38@uet.edu.al', 'Studenti38', 'Mbiemri38', 'Active');

--
-- Indexes for dumped tables
--

--
-- Indexes for table `datat_e_provimeve`
--
ALTER TABLE `datat_e_provimeve`
  ADD PRIMARY KEY (`data_ID`);

--
-- Indexes for table `lista_e_lendeve`
--
ALTER TABLE `lista_e_lendeve`
  ADD PRIMARY KEY (`lenda_ID`);

--
-- Indexes for table `rezervimet_online`
--
ALTER TABLE `rezervimet_online`
  ADD PRIMARY KEY (`rezervim_ID`);

--
-- Indexes for table `sezonet`
--
ALTER TABLE `sezonet`
  ADD PRIMARY KEY (`sezoni_ID`);

--
-- Indexes for table `StGrades`
--
ALTER TABLE `StGrades`
  ADD PRIMARY KEY (`id`);

--
-- Indexes for table `studentet`
--
ALTER TABLE `studentet`
  ADD PRIMARY KEY (`student_ID`);

--
-- AUTO_INCREMENT for dumped tables
--

--
-- AUTO_INCREMENT for table `datat_e_provimeve`
--
ALTER TABLE `datat_e_provimeve`
  MODIFY `data_ID` int NOT NULL AUTO_INCREMENT, AUTO_INCREMENT=137;

--
-- AUTO_INCREMENT for table `lista_e_lendeve`
--
ALTER TABLE `lista_e_lendeve`
  MODIFY `lenda_ID` bigint UNSIGNED NOT NULL AUTO_INCREMENT, AUTO_INCREMENT=137;

--
-- AUTO_INCREMENT for table `rezervimet_online`
--
ALTER TABLE `rezervimet_online`
  MODIFY `rezervim_ID` int NOT NULL AUTO_INCREMENT, AUTO_INCREMENT=40;

--
-- AUTO_INCREMENT for table `StGrades`
--
ALTER TABLE `StGrades`
  MODIFY `id` bigint UNSIGNED NOT NULL AUTO_INCREMENT, AUTO_INCREMENT=513;
COMMIT;

/*!40101 SET CHARACTER_SET_CLIENT=@OLD_CHARACTER_SET_CLIENT */;
/*!40101 SET CHARACTER_SET_RESULTS=@OLD_CHARACTER_SET_RESULTS */;
/*!40101 SET COLLATION_CONNECTION=@OLD_COLLATION_CONNECTION */;
